sequence,beat,start,end,phrase,tag,camera,gesture,expression,overlay
1,1,0.44,7.69,I want to share some information about the ongoing disciplinary process between Manchester City and the Premier League.,sigh,A,G07 hands clasped,neutral corporate,
2,1,8.41,10.12,"Essentially, we DID it.",laughs,A > C,G01 one palm (his right),neutral corporate,
3,1,10.64,13.42,But I think people are being very negative about that.,,A,G01 one palm (his right) > G01 palms up,smug smile > neutral corporate > brows raised,
4,2,14.06,17.94,A document has been published which is negative to our interests.,,B,G01 one palm (his right),neutral corporate > mildly offended,
5,2,19.31,22.23,"Unfortunately, it is also quite ACCURATE.",sigh,B,G07 hands clasped,mildly offended,
6,2,22.84,26.63,We had specifically asked for those two things not to happen together.,laughs,B,G08 dismissive wave > G07 hands clasped,mildly offended > neutral corporate,ACCURATE / UNHELPFUL
7,3,27.21,37.45,"I want to explain what happens next, how we will defend the club, and why doing everything they accused us of doesn't necessarily mean we should face CONSEQUENCES.",,A,G07 hands clasped > G04 palms forward > G07 hands clasped,neutral corporate,
8,3,38.07,39.56,We've checked with our lawyers.,,A,G07 hands clasped,neutral corporate,
9,3,40.15,42.87,They're happy to discuss that for several more years.,whispers,A > B (push),G07 hands clasped,neutral corporate,CASE ONGOING / METER RUNNING
10,4,43.51,51.22,The whole case is based on one accusation: that our owner's personal money was secretly put into the club through sponsors.,sigh,A,G07 hands clasped > G03 index finger > G07 hands clasped,neutral corporate,CASE ONGOING / METER RUNNING
11,4,51.75,52.37,YES.,laughs,C,G07 hands clasped,neutral corporate,
12,4,52.96,56.31,"But ""secretly"" makes it sound sinister.",,A,G07 hands clasped > G01 one palm (his right),neutral corporate,
13,4,56.81,59.78,We simply didn't tell the people who would have STOPPED us.,whispers,A > B (push),G07 hands clasped,neutral corporate > glance > neutral corporate,
14,5,60.4,63.68,And the money didn't come DIRECTLY from the owner.,,A,G07 hands clasped > G01 one palm (his right),neutral corporate,
15,5,64.33,66.53,It went through a sponsor first.,,A,G01 one palm (his right) > G01 one palm (his left),neutral corporate,
16,5,67.03,68.84,Completely different pocket.,laughs,A,G01 one palm (his left) > G02 shrug,neutral corporate > smug smile,
17,5,70.3,74.78,I don't understand why everyone keeps bringing up the TROUSERS.,sigh,B,G07 hands clasped,neutral corporate > brows raised,
18,6,75.92,78.67,We supplied IRREFUTABLE evidence.,excited,A,G07 hands clasped,neutral corporate > delighted,
19,6,79.2,82.84,Bank statements. Money transfers. Witnesses.,,A,G05 counting,delighted,
20,6,83.43,88.05,Everything necessary to demonstrate EXACTLY what we'd done.,,A,G05 counting > G01 palms up,delighted,
21,6,89.06,91.91,We thought they would appreciate how organised we were.,sad,A,G07 hands clasped,delighted > neutral corporate > mock sadness,
22,7,92.69,94.7,"Instead, they followed the money.",,B,G07 hands clasped,mock sadness > neutral corporate > glance > neutral corporate > glance,
23,7,95.46,96.45,ALL the way.,,C,G07 hands clasped,neutral corporate > one eyebrow raised,
24,7,96.89,100.14,"Which, frankly, felt a bit obsessive.",,C,G07 hands clasped,one eyebrow raised > neutral corporate > mildly offended,
25,8,101.18,105.39,Every other charge comes from that one simple arrangement.,,A,G07 hands clasped > G03 index finger,neutral corporate,
26,8,106.27,114.04,"People say ""one hundred and fifteen"" as though we sat down and broke one hundred and fifteen SEPARATE rules.",,A > B (push),G07 hands clasped > G01 palms up,neutral corporate > delighted > smug smile,115
27,8,114.87,117.24,We were much more efficient than that.,laughs,B (push),G01 palms up > G07 hands clasped,smug smile,
28,9,117.94,121.87,And these charges have been aggressively marketed and promoted.,sigh,A,G07 hands clasped > G08 dismissive wave,neutral corporate > mildly offended,
29,9,122.67,125.8,Every newspaper. Every television channel.,,A,G01 one palm (his right),mildly offended,
30,9,127.35,134.19,"We normally pay a fortune for that kind of coverage, and suddenly nobody wants their logo next to us.",sad,A,G01 one palm (his right) > G02 shrug,mildly offended > delighted > neutral corporate > mock sadness,
31,10,135.17,139.22,"After nearly two years, the commission has agreed with the Premier League.",,B,G07 hands clasped,neutral corporate,
32,10,139.9,146.01,"Apparently, if you provide enough evidence that something happened, they decide it HAPPENED.",,B,G07 hands clasped,neutral corporate > one eyebrow raised,
33,10,146.39,148.48,Nobody explained that part to us.,sad,B,G02 shrug,one eyebrow raised > neutral corporate > mock sadness,
34,11,149.53,152.41,They have completely ignored the wider context.,,A,G02 shrug > G04 palms forward,neutral corporate,
35,11,152.85,154.63,The football was LOVELY.,excited,A,G04 palms forward > G01 palms up,neutral corporate > delighted > smug smile,
36,11,154.89,156.22,You've seen the passing.,,A,G01 one palm (his right),smug smile > delighted > brows raised,
37,11,156.48,159.5,Surely that cancels out a few bank transfers.,,A,G07 hands clasped,brows raised > neutral corporate,
38,12,160.45,167.64,"Our lawyers will now appeal because the ruling contains serious errors of law, principle and fact.",sigh,A,G07 hands clasped > G05 counting,neutral corporate,
39,12,167.94,170.01,The LAW was applied to us.,,A,G07 hands clasped,neutral corporate,
40,12,170.43,172.8,PRINCIPLES were expected of us.,,A,G07 hands clasped,neutral corporate > brows raised,
41,12,173.12,175.79,And the FACTS have been made public.,,A,G07 hands clasped,brows raised,
42,12,176.92,178.71,You can see why we are concerned.,,B,G07 hands clasped,neutral corporate,
43,13,179.63,181.8,"Remember, we have been here before.",excited,A,G07 hands clasped,neutral corporate > delighted,
44,13,182.35,185.49,"In 2020, we appealed to CAS and won.",,A,G03 index finger,delighted,
45,13,185.89,188.48,We mention this whenever ANYTHING happens.,,A,G07 hands clasped,delighted,
46,13,188.78,190.51,Parking ticket? CAS.,,A,G07 hands clasped > G08 dismissive wave,delighted > neutral corporate,CAS
47,13,190.84,192.79,Late invoice? CAS.,,A,G08 dismissive wave > G07 hands clasped,neutral corporate,CAS
48,13,193.11,195.81,My wife says I haven't emptied the dishwasher?,,A,G07 hands clasped,neutral corporate,CAS
49,13,196.16,197.96,We've been CLEARED of this before.,laughs,C,G07 hands clasped,neutral corporate > smug smile,
50,14,198.61,202.07,We will pursue every legal avenue available.,excited,A,G07 hands clasped > G01 palms up,neutral corporate,
51,14,202.75,210.93,Our preference remains the avenue where we KEEP everything and everyone else stops fucking asking.,,A,G01 palms up > G05 counting > G06 arms folded,neutral corporate,
52,15,211.75,217.06,We will also seek compensation from anyone damaging our reputation.,sad,B,G06 arms folded > G07 hands clasped,neutral corporate > mock sadness,
53,15,217.79,220.69,"Yes, our actions contributed.",whispers,B,G07 hands clasped,mock sadness,
54,15,221.08,225.33,But people FINDING OUT has made it considerably worse.,sigh,B > C,G07 hands clasped,mock sadness > neutral corporate > mildly offended,
55,16,225.97,234.11,I know this is a distraction. Please remain focused on our business and our extended City family.,sigh,A,G07 hands clasped,neutral corporate,
56,16,234.66,244.12,And remember: just because the money goes round several relatives before reaching you doesn't make it any less of a GIFT.,laughs,A,G07 hands clasped > G01 one palm (his right) > G01 palms up,neutral corporate > delighted,
57,17,244.93,248.61,Please follow the usual procedure for enquiries.,,A,G07 hands clasped,neutral corporate,
58,17,249.21,252.9,"If a supporter asks, say we are INNOCENT.",,A,G05 counting > G07 hands clasped,neutral corporate,
59,17,253.51,257.36,"If a journalist asks, say we are APPEALING.",,A,G05 counting > G07 hands clasped,neutral corporate,SUPPORTER -> INNOCENT
60,17,258.49,262.66,"If a sponsor asks, check whether it's actually the owner.",whispers,A > B (push),G07 hands clasped,neutral corporate > glance > neutral corporate,
61,18,263.35,269.73,"Very soon, we will look back on this as another time we faced adversity and overcame it together.",excited,A,G07 hands clasped > G01 palms up,neutral corporate > delighted,
62,18,270.12,272.6,"Admittedly, we CREATED the adversity.",whispers,A,G07 hands clasped,delighted > neutral corporate,
63,18,272.99,275.36,But we also created the sponsorship revenue.,excited,A,G07 hands clasped > G01 palms up,neutral corporate > delighted,
64,18,275.71,278.13,You have to look at the POSITIVES.,laughs,A > B (push),G07 hands clasped,delighted > smug smile,
65,19,278.52,279.0,Thank you.,,B,G07 hands clasped,neutral corporate > delighted,
66,19,279.4,283.2,And please remember: money cannot buy success.,,B,G07 hands clasped,delighted > neutral corporate,
67,19,283.52,291.42,"According to our lawyers, it merely arrives independently, through a commercial partner, shortly before success happens.",whispers,C2,G07 hands clasped,neutral corporate,
